id,zona,nombre,tipo,lng,lat,rumbo,street_view
P001,Z01,Foro musical Amalaya,centro,-110.9537425,29.0767098,0,"https://www.google.com/maps/@?api=1&map_action=pano&viewpoint=29.0767098,-110.9537425&heading=0&pitch=0&fov=80"
P002,Z01,Foro musical Amalaya,centro,-110.9537425,29.0767098,90,"https://www.google.com/maps/@?api=1&map_action=pano&viewpoint=29.0767098,-110.9537425&heading=90&pitch=0&fov=80"
P003,Z01,Foro musical Amalaya,centro,-110.9537425,29.0767098,180,"https://www.google.com/maps/@?api=1&map_action=pano&viewpoint=29.0767098,-110.9537425&heading=180&pitch=0&fov=80"
P004,Z01,Foro musical Amalaya,centro,-110.9537425,29.0767098,270,"https://www.google.com/maps/@?api=1&map_action=pano&viewpoint=29.0767098,-110.9537425&heading=270&pitch=0&fov=80"
P005,Z01,Foro musical Amalaya,esquina,-110.95404,29.076975,136,"https://www.google.com/maps/@?api=1&map_action=pano&viewpoint=29.076975,-110.95404&heading=136&pitch=0&fov=80"
P006,Z01,Foro musical Amalaya,esquina,-110.95347,29.077027,217,"https://www.google.com/maps/@?api=1&map_action=pano&viewpoint=29.077027,-110.95347&heading=217&pitch=0&fov=80"
P007,Z01,Foro musical Amalaya,esquina,-110.953426,29.076473,311,"https://www.google.com/maps/@?api=1&map_action=pano&viewpoint=29.076473,-110.953426&heading=311&pitch=0&fov=80"
P008,Z01,Foro musical Amalaya,esquina,-110.954034,29.076364,36,"https://www.google.com/maps/@?api=1&map_action=pano&viewpoint=29.076364,-110.954034&heading=36&pitch=0&fov=80"
P009,Z01,Foro musical Amalaya,lado,-110.953755,29.077001,178,"https://www.google.com/maps/@?api=1&map_action=pano&viewpoint=29.077001,-110.953755&heading=178&pitch=0&fov=80"
P010,Z01,Foro musical Amalaya,lado,-110.953448,29.07675,261,"https://www.google.com/maps/@?api=1&map_action=pano&viewpoint=29.07675,-110.953448&heading=261&pitch=0&fov=80"
P011,Z01,Foro musical Amalaya,lado,-110.95373,29.0764185,358,"https://www.google.com/maps/@?api=1&map_action=pano&viewpoint=29.0764185,-110.95373&heading=358&pitch=0&fov=80"
P012,Z01,Foro musical Amalaya,lado,-110.954037,29.0766695,81,"https://www.google.com/maps/@?api=1&map_action=pano&viewpoint=29.0766695,-110.954037&heading=81&pitch=0&fov=80"
P013,Z10,Volúmenes posteriores / transición,centro,-110.9532557,29.0769133,0,"https://www.google.com/maps/@?api=1&map_action=pano&viewpoint=29.0769133,-110.9532557&heading=0&pitch=0&fov=80"
P014,Z10,Volúmenes posteriores / transición,centro,-110.9532557,29.0769133,90,"https://www.google.com/maps/@?api=1&map_action=pano&viewpoint=29.0769133,-110.9532557&heading=90&pitch=0&fov=80"
P015,Z10,Volúmenes posteriores / transición,centro,-110.9532557,29.0769133,180,"https://www.google.com/maps/@?api=1&map_action=pano&viewpoint=29.0769133,-110.9532557&heading=180&pitch=0&fov=80"
P016,Z10,Volúmenes posteriores / transición,centro,-110.9532557,29.0769133,270,"https://www.google.com/maps/@?api=1&map_action=pano&viewpoint=29.0769133,-110.9532557&heading=270&pitch=0&fov=80"
P017,Z10,Volúmenes posteriores / transición,esquina,-110.953353,29.077021,142,"https://www.google.com/maps/@?api=1&map_action=pano&viewpoint=29.077021,-110.953353&heading=142&pitch=0&fov=80"
P018,Z10,Volúmenes posteriores / transición,esquina,-110.95316,29.077098,204,"https://www.google.com/maps/@?api=1&map_action=pano&viewpoint=29.077098,-110.95316&heading=204&pitch=0&fov=80"
P019,Z10,Volúmenes posteriores / transición,esquina,-110.953137,29.076835,307,"https://www.google.com/maps/@?api=1&map_action=pano&viewpoint=29.076835,-110.953137&heading=307&pitch=0&fov=80"
P020,Z10,Volúmenes posteriores / transición,esquina,-110.953373,29.076699,26,"https://www.google.com/maps/@?api=1&map_action=pano&viewpoint=29.076699,-110.953373&heading=26&pitch=0&fov=80"
P021,Z10,Volúmenes posteriores / transición,lado,-110.9532565,29.0770595,180,"https://www.google.com/maps/@?api=1&map_action=pano&viewpoint=29.0770595,-110.9532565&heading=180&pitch=0&fov=80"
P022,Z10,Volúmenes posteriores / transición,lado,-110.9531485,29.0769665,240,"https://www.google.com/maps/@?api=1&map_action=pano&viewpoint=29.0769665,-110.9531485&heading=240&pitch=0&fov=80"
P023,Z10,Volúmenes posteriores / transición,lado,-110.953255,29.076767,360,"https://www.google.com/maps/@?api=1&map_action=pano&viewpoint=29.076767,-110.953255&heading=360&pitch=0&fov=80"
P024,Z10,Volúmenes posteriores / transición,lado,-110.953363,29.07686,60,"https://www.google.com/maps/@?api=1&map_action=pano&viewpoint=29.07686,-110.953363&heading=60&pitch=0&fov=80"
P025,Z09,Conjunto amarillo recortado,centro,-110.9528138,29.0766705,0,"https://www.google.com/maps/@?api=1&map_action=pano&viewpoint=29.0766705,-110.9528138&heading=0&pitch=0&fov=80"
P026,Z09,Conjunto amarillo recortado,centro,-110.9528138,29.0766705,90,"https://www.google.com/maps/@?api=1&map_action=pano&viewpoint=29.0766705,-110.9528138&heading=90&pitch=0&fov=80"
P027,Z09,Conjunto amarillo recortado,centro,-110.9528138,29.0766705,180,"https://www.google.com/maps/@?api=1&map_action=pano&viewpoint=29.0766705,-110.9528138&heading=180&pitch=0&fov=80"
P028,Z09,Conjunto amarillo recortado,centro,-110.9528138,29.0766705,270,"https://www.google.com/maps/@?api=1&map_action=pano&viewpoint=29.0766705,-110.9528138&heading=270&pitch=0&fov=80"
P029,Z09,Conjunto amarillo recortado,esquina,-110.952948,29.076946,157,"https://www.google.com/maps/@?api=1&map_action=pano&viewpoint=29.076946,-110.952948&heading=157&pitch=0&fov=80"
P030,Z09,Conjunto amarillo recortado,esquina,-110.952498,29.076936,226,"https://www.google.com/maps/@?api=1&map_action=pano&viewpoint=29.076936,-110.952498&heading=226&pitch=0&fov=80"
P031,Z09,Conjunto amarillo recortado,esquina,-110.952752,29.076421,348,"https://www.google.com/maps/@?api=1&map_action=pano&viewpoint=29.076421,-110.952752&heading=348&pitch=0&fov=80"
P032,Z09,Conjunto amarillo recortado,esquina,-110.953057,29.076379,36,"https://www.google.com/maps/@?api=1&map_action=pano&viewpoint=29.076379,-110.953057&heading=36&pitch=0&fov=80"
P033,Z09,Conjunto amarillo recortado,lado,-110.952723,29.076941,196,"https://www.google.com/maps/@?api=1&map_action=pano&viewpoint=29.076941,-110.952723&heading=196&pitch=0&fov=80"
P034,Z09,Conjunto amarillo recortado,lado,-110.952625,29.0766785,267,"https://www.google.com/maps/@?api=1&map_action=pano&viewpoint=29.0766785,-110.952625&heading=267&pitch=0&fov=80"
P035,Z09,Conjunto amarillo recortado,lado,-110.9529045,29.0764,16,"https://www.google.com/maps/@?api=1&map_action=pano&viewpoint=29.0764,-110.9529045&heading=16&pitch=0&fov=80"
P036,Z09,Conjunto amarillo recortado,lado,-110.9530025,29.0766625,87,"https://www.google.com/maps/@?api=1&map_action=pano&viewpoint=29.0766625,-110.9530025&heading=87&pitch=0&fov=80"
P037,Z08,Estacionamiento posterior aparente,centro,-110.9533337,29.0763235,0,"https://www.google.com/maps/@?api=1&map_action=pano&viewpoint=29.0763235,-110.9533337&heading=0&pitch=0&fov=80"
P038,Z08,Estacionamiento posterior aparente,centro,-110.9533337,29.0763235,90,"https://www.google.com/maps/@?api=1&map_action=pano&viewpoint=29.0763235,-110.9533337&heading=90&pitch=0&fov=80"
P039,Z08,Estacionamiento posterior aparente,centro,-110.9533337,29.0763235,180,"https://www.google.com/maps/@?api=1&map_action=pano&viewpoint=29.0763235,-110.9533337&heading=180&pitch=0&fov=80"
P040,Z08,Estacionamiento posterior aparente,centro,-110.9533337,29.0763235,270,"https://www.google.com/maps/@?api=1&map_action=pano&viewpoint=29.0763235,-110.9533337&heading=270&pitch=0&fov=80"
P041,Z08,Estacionamiento posterior aparente,esquina,-110.953508,29.076556,147,"https://www.google.com/maps/@?api=1&map_action=pano&viewpoint=29.076556,-110.953508&heading=147&pitch=0&fov=80"
P042,Z08,Estacionamiento posterior aparente,esquina,-110.953055,29.07664,218,"https://www.google.com/maps/@?api=1&map_action=pano&viewpoint=29.07664,-110.953055&heading=218&pitch=0&fov=80"
P043,Z08,Estacionamiento posterior aparente,esquina,-110.95315,29.076084,326,"https://www.google.com/maps/@?api=1&map_action=pano&viewpoint=29.076084,-110.95315&heading=326&pitch=0&fov=80"
P044,Z08,Estacionamiento posterior aparente,esquina,-110.953622,29.076014,39,"https://www.google.com/maps/@?api=1&map_action=pano&viewpoint=29.076014,-110.953622&heading=39&pitch=0&fov=80"
P045,Z08,Estacionamiento posterior aparente,lado,-110.9532815,29.076598,189,"https://www.google.com/maps/@?api=1&map_action=pano&viewpoint=29.076598,-110.9532815&heading=189&pitch=0&fov=80"
P046,Z08,Estacionamiento posterior aparente,lado,-110.9531025,29.076362,259,"https://www.google.com/maps/@?api=1&map_action=pano&viewpoint=29.076362,-110.9531025&heading=259&pitch=0&fov=80"
P047,Z08,Estacionamiento posterior aparente,lado,-110.953386,29.076049,9,"https://www.google.com/maps/@?api=1&map_action=pano&viewpoint=29.076049,-110.953386&heading=9&pitch=0&fov=80"
P048,Z08,Estacionamiento posterior aparente,lado,-110.953565,29.076285,79,"https://www.google.com/maps/@?api=1&map_action=pano&viewpoint=29.076285,-110.953565&heading=79&pitch=0&fov=80"
P049,Z02,Plaza Hidalgo,centro,-110.9547332,29.076071,0,"https://www.google.com/maps/@?api=1&map_action=pano&viewpoint=29.076071,-110.9547332&heading=0&pitch=0&fov=80"
P050,Z02,Plaza Hidalgo,centro,-110.9547332,29.076071,90,"https://www.google.com/maps/@?api=1&map_action=pano&viewpoint=29.076071,-110.9547332&heading=90&pitch=0&fov=80"
P051,Z02,Plaza Hidalgo,centro,-110.9547332,29.076071,180,"https://www.google.com/maps/@?api=1&map_action=pano&viewpoint=29.076071,-110.9547332&heading=180&pitch=0&fov=80"
P052,Z02,Plaza Hidalgo,centro,-110.9547332,29.076071,270,"https://www.google.com/maps/@?api=1&map_action=pano&viewpoint=29.076071,-110.9547332&heading=270&pitch=0&fov=80"
P053,Z02,Plaza Hidalgo,esquina,-110.954561,29.07615,242,"https://www.google.com/maps/@?api=1&map_action=pano&viewpoint=29.07615,-110.954561&heading=242&pitch=0&fov=80"
P054,Z02,Plaza Hidalgo,esquina,-110.954071,29.076187,259,"https://www.google.com/maps/@?api=1&map_action=pano&viewpoint=29.076187,-110.954071&heading=259&pitch=0&fov=80"
P055,Z02,Plaza Hidalgo,esquina,-110.954055,29.076023,275,"https://www.google.com/maps/@?api=1&map_action=pano&viewpoint=29.076023,-110.954055&heading=275&pitch=0&fov=80"
P056,Z02,Plaza Hidalgo,esquina,-110.955481,29.075915,77,"https://www.google.com/maps/@?api=1&map_action=pano&viewpoint=29.075915,-110.955481&heading=77&pitch=0&fov=80"
P057,Z02,Plaza Hidalgo,esquina,-110.955498,29.07608,91,"https://www.google.com/maps/@?api=1&map_action=pano&viewpoint=29.07608,-110.955498&heading=91&pitch=0&fov=80"
P058,Z02,Plaza Hidalgo,lado,-110.954316,29.0761685,255,"https://www.google.com/maps/@?api=1&map_action=pano&viewpoint=29.0761685,-110.954316&heading=255&pitch=0&fov=80"
P059,Z02,Plaza Hidalgo,lado,-110.954063,29.076105,267,"https://www.google.com/maps/@?api=1&map_action=pano&viewpoint=29.076105,-110.954063&heading=267&pitch=0&fov=80"
P060,Z02,Plaza Hidalgo,lado,-110.954768,29.075969,17,"https://www.google.com/maps/@?api=1&map_action=pano&viewpoint=29.075969,-110.954768&heading=17&pitch=0&fov=80"
P061,Z02,Plaza Hidalgo,lado,-110.9554895,29.0759975,84,"https://www.google.com/maps/@?api=1&map_action=pano&viewpoint=29.0759975,-110.9554895&heading=84&pitch=0&fov=80"
P062,Z02,Plaza Hidalgo,lado,-110.9550295,29.076115,100,"https://www.google.com/maps/@?api=1&map_action=pano&viewpoint=29.076115,-110.9550295&heading=100&pitch=0&fov=80"
P063,Z03,Locales y oficinas,centro,-110.955257,29.0757045,0,"https://www.google.com/maps/@?api=1&map_action=pano&viewpoint=29.0757045,-110.955257&heading=0&pitch=0&fov=80"
P064,Z03,Locales y oficinas,centro,-110.955257,29.0757045,90,"https://www.google.com/maps/@?api=1&map_action=pano&viewpoint=29.0757045,-110.955257&heading=90&pitch=0&fov=80"
P065,Z03,Locales y oficinas,centro,-110.955257,29.0757045,180,"https://www.google.com/maps/@?api=1&map_action=pano&viewpoint=29.0757045,-110.955257&heading=180&pitch=0&fov=80"
P066,Z03,Locales y oficinas,centro,-110.955257,29.0757045,270,"https://www.google.com/maps/@?api=1&map_action=pano&viewpoint=29.0757045,-110.955257&heading=270&pitch=0&fov=80"
P067,Z03,Locales y oficinas,esquina,-110.955537,29.075887,127,"https://www.google.com/maps/@?api=1&map_action=pano&viewpoint=29.075887,-110.955537&heading=127&pitch=0&fov=80"
P068,Z03,Locales y oficinas,esquina,-110.954949,29.075924,231,"https://www.google.com/maps/@?api=1&map_action=pano&viewpoint=29.075924,-110.954949&heading=231&pitch=0&fov=80"
P069,Z03,Locales y oficinas,esquina,-110.954933,29.075601,290,"https://www.google.com/maps/@?api=1&map_action=pano&viewpoint=29.075601,-110.954933&heading=290&pitch=0&fov=80"
P070,Z03,Locales y oficinas,esquina,-110.955609,29.075406,46,"https://www.google.com/maps/@?api=1&map_action=pano&viewpoint=29.075406,-110.955609&heading=46&pitch=0&fov=80"
P071,Z03,Locales y oficinas,lado,-110.955243,29.0759055,183,"https://www.google.com/maps/@?api=1&map_action=pano&viewpoint=29.0759055,-110.955243&heading=183&pitch=0&fov=80"
P072,Z03,Locales y oficinas,lado,-110.954941,29.0757625,258,"https://www.google.com/maps/@?api=1&map_action=pano&viewpoint=29.0757625,-110.954941&heading=258&pitch=0&fov=80"
P073,Z03,Locales y oficinas,lado,-110.955271,29.0755035,3,"https://www.google.com/maps/@?api=1&map_action=pano&viewpoint=29.0755035,-110.955271&heading=3&pitch=0&fov=80"
P074,Z03,Locales y oficinas,lado,-110.955573,29.0756465,78,"https://www.google.com/maps/@?api=1&map_action=pano&viewpoint=29.0756465,-110.955573&heading=78&pitch=0&fov=80"
P075,Z05,Volumen azul / referencia al museo,centro,-110.9549657,29.0753768,0,"https://www.google.com/maps/@?api=1&map_action=pano&viewpoint=29.0753768,-110.9549657&heading=0&pitch=0&fov=80"
P076,Z05,Volumen azul / referencia al museo,centro,-110.9549657,29.0753768,90,"https://www.google.com/maps/@?api=1&map_action=pano&viewpoint=29.0753768,-110.9549657&heading=90&pitch=0&fov=80"
P077,Z05,Volumen azul / referencia al museo,centro,-110.9549657,29.0753768,180,"https://www.google.com/maps/@?api=1&map_action=pano&viewpoint=29.0753768,-110.9549657&heading=180&pitch=0&fov=80"
P078,Z05,Volumen azul / referencia al museo,centro,-110.9549657,29.0753768,270,"https://www.google.com/maps/@?api=1&map_action=pano&viewpoint=29.0753768,-110.9549657&heading=270&pitch=0&fov=80"
P079,Z05,Volumen azul / referencia al museo,esquina,-110.955164,29.075463,116,"https://www.google.com/maps/@?api=1&map_action=pano&viewpoint=29.075463,-110.955164&heading=116&pitch=0&fov=80"
P080,Z05,Volumen azul / referencia al museo,esquina,-110.954739,29.075569,226,"https://www.google.com/maps/@?api=1&map_action=pano&viewpoint=29.075569,-110.954739&heading=226&pitch=0&fov=80"
P081,Z05,Volumen azul / referencia al museo,esquina,-110.954751,29.075298,293,"https://www.google.com/maps/@?api=1&map_action=pano&viewpoint=29.075298,-110.954751&heading=293&pitch=0&fov=80"
P082,Z05,Volumen azul / referencia al museo,esquina,-110.955209,29.075177,47,"https://www.google.com/maps/@?api=1&map_action=pano&viewpoint=29.075177,-110.955209&heading=47&pitch=0&fov=80"
P083,Z05,Volumen azul / referencia al museo,lado,-110.9549515,29.075516,185,"https://www.google.com/maps/@?api=1&map_action=pano&viewpoint=29.075516,-110.9549515&heading=185&pitch=0&fov=80"
P084,Z05,Volumen azul / referencia al museo,lado,-110.954745,29.0754335,254,"https://www.google.com/maps/@?api=1&map_action=pano&viewpoint=29.0754335,-110.954745&heading=254&pitch=0&fov=80"
P085,Z05,Volumen azul / referencia al museo,lado,-110.95498,29.0752375,5,"https://www.google.com/maps/@?api=1&map_action=pano&viewpoint=29.0752375,-110.95498&heading=5&pitch=0&fov=80"
P086,Z05,Volumen azul / referencia al museo,lado,-110.9551865,29.07532,74,"https://www.google.com/maps/@?api=1&map_action=pano&viewpoint=29.07532,-110.9551865&heading=74&pitch=0&fov=80"
P087,Z06,Tiendas y talleres creativos,centro,-110.9549965,29.0750697,0,"https://www.google.com/maps/@?api=1&map_action=pano&viewpoint=29.0750697,-110.9549965&heading=0&pitch=0&fov=80"
P088,Z06,Tiendas y talleres creativos,centro,-110.9549965,29.0750697,90,"https://www.google.com/maps/@?api=1&map_action=pano&viewpoint=29.0750697,-110.9549965&heading=90&pitch=0&fov=80"
P089,Z06,Tiendas y talleres creativos,centro,-110.9549965,29.0750697,180,"https://www.google.com/maps/@?api=1&map_action=pano&viewpoint=29.0750697,-110.9549965&heading=180&pitch=0&fov=80"
P090,Z06,Tiendas y talleres creativos,centro,-110.9549965,29.0750697,270,"https://www.google.com/maps/@?api=1&map_action=pano&viewpoint=29.0750697,-110.9549965&heading=270&pitch=0&fov=80"
P091,Z06,Tiendas y talleres creativos,esquina,-110.955197,29.075196,126,"https://www.google.com/maps/@?api=1&map_action=pano&viewpoint=29.075196,-110.955197&heading=126&pitch=0&fov=80"
P092,Z06,Tiendas y talleres creativos,esquina,-110.954784,29.075303,219,"https://www.google.com/maps/@?api=1&map_action=pano&viewpoint=29.075303,-110.954784&heading=219&pitch=0&fov=80"
P093,Z06,Tiendas y talleres creativos,esquina,-110.954761,29.074963,297,"https://www.google.com/maps/@?api=1&map_action=pano&viewpoint=29.074963,-110.954761&heading=297&pitch=0&fov=80"
P094,Z06,Tiendas y talleres creativos,esquina,-110.955244,29.074817,41,"https://www.google.com/maps/@?api=1&map_action=pano&viewpoint=29.074817,-110.955244&heading=41&pitch=0&fov=80"
P095,Z06,Tiendas y talleres creativos,lado,-110.9549905,29.0752495,182,"https://www.google.com/maps/@?api=1&map_action=pano&viewpoint=29.0752495,-110.9549905&heading=182&pitch=0&fov=80"
P096,Z06,Tiendas y talleres creativos,lado,-110.9547725,29.075133,252,"https://www.google.com/maps/@?api=1&map_action=pano&viewpoint=29.075133,-110.9547725&heading=252&pitch=0&fov=80"
P097,Z06,Tiendas y talleres creativos,lado,-110.9550025,29.07489,2,"https://www.google.com/maps/@?api=1&map_action=pano&viewpoint=29.07489,-110.9550025&heading=2&pitch=0&fov=80"
P098,Z06,Tiendas y talleres creativos,lado,-110.9552205,29.0750065,72,"https://www.google.com/maps/@?api=1&map_action=pano&viewpoint=29.0750065,-110.9552205&heading=72&pitch=0&fov=80"
P099,Z07,Estacionamiento frontal HEALY,centro,-110.95438,29.0752085,0,"https://www.google.com/maps/@?api=1&map_action=pano&viewpoint=29.0752085,-110.95438&heading=0&pitch=0&fov=80"
P100,Z07,Estacionamiento frontal HEALY,centro,-110.95438,29.0752085,90,"https://www.google.com/maps/@?api=1&map_action=pano&viewpoint=29.0752085,-110.95438&heading=90&pitch=0&fov=80"
P101,Z07,Estacionamiento frontal HEALY,centro,-110.95438,29.0752085,180,"https://www.google.com/maps/@?api=1&map_action=pano&viewpoint=29.0752085,-110.95438&heading=180&pitch=0&fov=80"
P102,Z07,Estacionamiento frontal HEALY,centro,-110.95438,29.0752085,270,"https://www.google.com/maps/@?api=1&map_action=pano&viewpoint=29.0752085,-110.95438&heading=270&pitch=0&fov=80"
P103,Z07,Estacionamiento frontal HEALY,esquina,-110.954574,29.075423,142,"https://www.google.com/maps/@?api=1&map_action=pano&viewpoint=29.075423,-110.954574&heading=142&pitch=0&fov=80"
P104,Z07,Estacionamiento frontal HEALY,esquina,-110.954062,29.075534,220,"https://www.google.com/maps/@?api=1&map_action=pano&viewpoint=29.075534,-110.954062&heading=220&pitch=0&fov=80"
P105,Z07,Estacionamiento frontal HEALY,esquina,-110.954177,29.075035,314,"https://www.google.com/maps/@?api=1&map_action=pano&viewpoint=29.075035,-110.954177&heading=314&pitch=0&fov=80"
P106,Z07,Estacionamiento frontal HEALY,esquina,-110.954707,29.074842,38,"https://www.google.com/maps/@?api=1&map_action=pano&viewpoint=29.074842,-110.954707&heading=38&pitch=0&fov=80"
P107,Z07,Estacionamiento frontal HEALY,lado,-110.954318,29.0754785,191,"https://www.google.com/maps/@?api=1&map_action=pano&viewpoint=29.0754785,-110.954318&heading=191&pitch=0&fov=80"
P108,Z07,Estacionamiento frontal HEALY,lado,-110.9541195,29.0752845,252,"https://www.google.com/maps/@?api=1&map_action=pano&viewpoint=29.0752845,-110.9541195&heading=252&pitch=0&fov=80"
P109,Z07,Estacionamiento frontal HEALY,lado,-110.954442,29.0749385,11,"https://www.google.com/maps/@?api=1&map_action=pano&viewpoint=29.0749385,-110.954442&heading=11&pitch=0&fov=80"
P110,Z07,Estacionamiento frontal HEALY,lado,-110.9546405,29.0751325,72,"https://www.google.com/maps/@?api=1&map_action=pano&viewpoint=29.0751325,-110.9546405&heading=72&pitch=0&fov=80"
P111,Z04,Vivienda y estudios de ensayo,centro,-110.9556997,29.0751079,0,"https://www.google.com/maps/@?api=1&map_action=pano&viewpoint=29.0751079,-110.9556997&heading=0&pitch=0&fov=80"
P112,Z04,Vivienda y estudios de ensayo,centro,-110.9556997,29.0751079,90,"https://www.google.com/maps/@?api=1&map_action=pano&viewpoint=29.0751079,-110.9556997&heading=90&pitch=0&fov=80"
P113,Z04,Vivienda y estudios de ensayo,centro,-110.9556997,29.0751079,180,"https://www.google.com/maps/@?api=1&map_action=pano&viewpoint=29.0751079,-110.9556997&heading=180&pitch=0&fov=80"
P114,Z04,Vivienda y estudios de ensayo,centro,-110.9556997,29.0751079,270,"https://www.google.com/maps/@?api=1&map_action=pano&viewpoint=29.0751079,-110.9556997&heading=270&pitch=0&fov=80"
P115,Z04,Vivienda y estudios de ensayo,esquina,-110.95609,29.075205,106,"https://www.google.com/maps/@?api=1&map_action=pano&viewpoint=29.075205,-110.95609&heading=106&pitch=0&fov=80"
P116,Z04,Vivienda y estudios de ensayo,esquina,-110.95535,29.07542,224,"https://www.google.com/maps/@?api=1&map_action=pano&viewpoint=29.07542,-110.95535&heading=224&pitch=0&fov=80"
P117,Z04,Vivienda y estudios de ensayo,esquina,-110.955259,29.075169,261,"https://www.google.com/maps/@?api=1&map_action=pano&viewpoint=29.075169,-110.955259&heading=261&pitch=0&fov=80"
P118,Z04,Vivienda y estudios de ensayo,esquina,-110.955383,29.074951,300,"https://www.google.com/maps/@?api=1&map_action=pano&viewpoint=29.074951,-110.955383&heading=300&pitch=0&fov=80"
P119,Z04,Vivienda y estudios de ensayo,esquina,-110.955755,29.074896,13,"https://www.google.com/maps/@?api=1&map_action=pano&viewpoint=29.074896,-110.955755&heading=13&pitch=0&fov=80"
P120,Z04,Vivienda y estudios de ensayo,esquina,-110.955937,29.075034,70,"https://www.google.com/maps/@?api=1&map_action=pano&viewpoint=29.075034,-110.955937&heading=70&pitch=0&fov=80"
P121,Z04,Vivienda y estudios de ensayo,esquina,-110.956124,29.07508,86,"https://www.google.com/maps/@?api=1&map_action=pano&viewpoint=29.07508,-110.956124&heading=86&pitch=0&fov=80"
P122,Z04,Vivienda y estudios de ensayo,lado,-110.95572,29.0753125,175,"https://www.google.com/maps/@?api=1&map_action=pano&viewpoint=29.0753125,-110.95572&heading=175&pitch=0&fov=80"
P123,Z04,Vivienda y estudios de ensayo,lado,-110.9553045,29.0752945,242,"https://www.google.com/maps/@?api=1&map_action=pano&viewpoint=29.0752945,-110.9553045&heading=242&pitch=0&fov=80"
P124,Z04,Vivienda y estudios de ensayo,lado,-110.955321,29.07506,278,"https://www.google.com/maps/@?api=1&map_action=pano&viewpoint=29.07506,-110.955321&heading=278&pitch=0&fov=80"
P125,Z04,Vivienda y estudios de ensayo,lado,-110.955569,29.0749235,328,"https://www.google.com/maps/@?api=1&map_action=pano&viewpoint=29.0749235,-110.955569&heading=328&pitch=0&fov=80"
P126,Z04,Vivienda y estudios de ensayo,lado,-110.955846,29.074965,42,"https://www.google.com/maps/@?api=1&map_action=pano&viewpoint=29.074965,-110.955846&heading=42&pitch=0&fov=80"
P127,Z04,Vivienda y estudios de ensayo,lado,-110.9560305,29.075057,80,"https://www.google.com/maps/@?api=1&map_action=pano&viewpoint=29.075057,-110.9560305&heading=80&pitch=0&fov=80"
P128,Z04,Vivienda y estudios de ensayo,lado,-110.956107,29.0751425,96,"https://www.google.com/maps/@?api=1&map_action=pano&viewpoint=29.0751425,-110.956107&heading=96&pitch=0&fov=80"
